#SampleID,Region
S050,Italy
S080,Italy
S330,Italy
S220,Italy
S010,Italy
S100,Italy
S120,Italy
S210,Italy
S130,Italy
S180,Italy
S020,Italy
S030,Italy
S110,Italy
S150,Italy
S200,Italy
S240,Italy
S260,Italy
S280,Italy
S320,Italy
C052,Italy
S290,Italy
C042,Italy
C010,Italy
C012,Italy
C021,Italy
C002,Italy
C007,Italy
C018,Italy
C024,Italy
C054,Italy
C003,Italy
C011,Italy
C048,Italy
K105,Italy
K108,Italy
K304,Italy
K306,Italy
K100,Italy
K316,Italy
K124,Italy
K106,Italy
K125,Italy
K301,Italy
K309,Italy
K119,Italy
K113,Italy
Y2,Italy
Y7,Italy
Y1,Italy
Y14,Italy
Y4,Italy
Y6,Italy
Y5,Italy
Y15,Italy
Y13,Italy
Y8,Italy
Y10,Italy
Y3,Italy
Y11,Italy
Y9,Italy
Y12,Italy
SRR5602092,Jiangsu
SRR5602349,Jiangsu
SRR5602155,Jiangsu
SRR5602324,Jiangsu
SRR5602182,Jiangsu
SRR5602333,Jiangsu
SRR5602119,Jiangsu
SRR5602168,Jiangsu
SRR5602220,Jiangsu
SRR5602125,Jiangsu
SRR5602145,Jiangsu
SRR5602179,Jiangsu
SRR5602134,Jiangsu
SRR5602335,Jiangsu
SRR5602256,Jiangsu
SRR5602284,Jiangsu
SRR5602016,Jiangsu
SRR5602160,Jiangsu
SRR5602159,Jiangsu
SRR5602351,Jiangsu
SRR5602345,Jiangsu
SRR5602234,Jiangsu
SRR5602290,Jiangsu
SRR5602138,Jiangsu
SRR5602260,Jiangsu
SRR5602010,Jiangsu
SRR5602193,Jiangsu
SRR5602210,Jiangsu
SRR5602176,Jiangsu
SRR5602297,Jiangsu
SRR5602137,Jiangsu
SRR5602338,Jiangsu
SRR5602340,Jiangsu
SRR5602171,Jiangsu
SRR5602174,Jiangsu
SRR5602005,Jiangsu
SRR5601934,Jiangsu
SRR5602011,Jiangsu
SRR5602205,Jiangsu
SRR5602311,Jiangsu
SRR5602318,Jiangsu
SRR5602098,Jiangsu
SRR5602278,Jiangsu
SRR5602189,Jiangsu
SRR5602219,Jiangsu
SRR5602132,Jiangsu
SRR5602133,Jiangsu
SRR5602347,Jiangsu
SRR5602354,Jiangsu
SRR5602152,Jiangsu
SRR5601989,Jiangsu
SRR5602231,Jiangsu
SRR5602177,Jiangsu
SRR5602299,Jiangsu
SRR5602296,Jiangsu
SRR5602292,Jiangsu
SRR5602139,Jiangsu
SRR5602135,Jiangsu
SRR5602199,Jiangsu
SRR5602224,Jiangsu
SRR5602196,Jiangsu
SRR5602116,Jiangsu
SRR5602263,Jiangsu
SRR5602167,Jiangsu
SRR5602122,Jiangsu
SRR5602175,Jiangsu
SRR5601927,Jiangsu
SRR5602218,Jiangsu
SRR5602008,Jiangsu
SRR5602310,Jiangsu
SRR5602317,Jiangsu
SRR5602099,Jiangsu
SRR5602094,Jiangsu
SRR5602341,Jiangsu
SRR5602192,Jiangsu
SRR5601996,Jiangsu
SRR5602079,Jiangsu
SRR5602294,Jiangsu
SRR5602141,Jiangsu
SRR5602142,Jiangsu
SRR5601933,Jiangsu
SRR5602343,Jiangsu
SRR5602117,Jiangsu
SRR5602198,Jiangsu
SRR5602118,Jiangsu
SRR5602166,Jiangsu
SRR5602123,Jiangsu
SRR5602115,Jiangsu
SRR5602173,Jiangsu
SRR5602172,Jiangsu
SRR5602147,Jiangsu
SRR5601925,Jiangsu
SRR5601931,Jiangsu
SRR5601928,Jiangsu
SRR5601929,Jiangsu
SRR5601923,Jiangsu
SRR5602332,Jiangsu
SRR5602015,Jiangsu
SRR5602314,Jiangsu
SRR5602319,Jiangsu
SRR5602281,Jiangsu
SRR5602280,Jiangsu
SRR5602279,Jiangsu
SRR5602096,Jiangsu
SRR5602097,Jiangsu
SRR5602201,Jiangsu
SRR5602214,Jiangsu
SRR5602130,Jiangsu
SRR5602158,Jiangsu
SRR5602151,Jiangsu
SRR5602252,Jiangsu
SRR5602253,Jiangsu
SRR5602330,Jiangsu
SRR5602185,Jiangsu
SRR5602184,Jiangsu
SRR5602178,Jiangsu
SRR5602180,Jiangsu
SRR5602136,Jiangsu
SRR5601942,Jiangsu
SRR5602143,Jiangsu
SRR5602337,Jiangsu
SRR5602339,Jiangsu
SRR5602336,Jiangsu
SRR5602342,Jiangsu
SRR5602289,Jiangsu
SRR5602195,Jiangsu
SRR5602169,Jiangsu
SRR5602121,Jiangsu
SRR5602170,Jiangsu
SRR5602114,Jiangsu
SRR5601926,Jiangsu
SRR5602255,Jiangsu
SRR5602286,Jiangsu
SRR5602076,Jiangsu
SRR5602321,Jiangsu
SRR5602258,Jiangsu
SRR5602186,Jiangsu
SRR5602203,Jiangsu
SRR5602215,Jiangsu
SRR5602217,Jiangsu
SRR5602014,Jiangsu
SRR5602012,Jiangsu
SRR5602313,Jiangsu
SRR5602315,Jiangsu
SRR5602316,Jiangsu
SRR5602017,Jiangsu
SRR5602095,Jiangsu
SRR5602287,Jiangsu
SRR5602194,Jiangsu
SRR5602191,Jiangsu
SRR5602187,Jiangsu
SRR5602202,Jiangsu
SRR5602212,Jiangsu
SRR5602213,Jiangsu
SRR5602209,Jiangsu
SRR5601994,Jiangsu
SRR5602131,Jiangsu
SRR5602165,Jiangsu
SRR5602156,Jiangsu
SRR5602353,Jiangsu
SRR5602153,Jiangsu
SRR5602154,Jiangsu
SRR5602248,Jiangsu
SRR5602249,Jiangsu
SRR5602250,Jiangsu
SRR5602331,Jiangsu
SRR5602327,Jiangsu
SRR5602323,Jiangsu
SRR5602183,Jiangsu
SRR5602293,Jiangsu
SRR5602140,Jiangsu
SRR5601941,Jiangsu
SRR5602197,Jiangsu
SRR5602265,Jiangsu
SRR5602223,Jiangsu
SRR5602312,Jiangsu
SRR5602285,Jiangsu
SRR5602320,Jiangsu
SRR5602093,Jiangsu
SRR5601993,Jiangsu
SRR5602157,Jiangsu
SRR5602148,Jiangsu
SRR5601995,Jiangsu
SRR5602080,Jiangsu
SRR5602233,Jiangsu
SRR5602232,Jiangsu
SRR5602181,Jiangsu
SRR5601932,Jiangsu
SRR5602100,Jiangsu
SRR5602101,Jiangsu
SRR5602207,Jiangsu
SRR5602124,Jiangsu
SRR5601990,Jiangsu
SRR5602245,Jiangsu
SRR5602246,Jiangsu
SRR5602247,Jiangsu
SRR5602329,Jiangsu
SRR5602328,Jiangsu
SRR5610012,Jiangsu
SRR5601966,Jiangsu
SRR5609969,Jiangsu
SRR5602264,Jiangsu
SRR5602025,Jiangsu
SRR5601981,Jiangsu
SRR5601961,Jiangsu
SRR5602059,Jiangsu
SRR5602273,Jiangsu
SRR5610011,Jiangsu
SRR5601991,Jiangsu
SRR5602261,Jiangsu
SRR5602230,Jiangsu
SRR5602306,Jiangsu
SRR5602309,Jiangsu
SRR5602034,Jiangsu
SRR5602226,Jiangsu
SRR5602037,Jiangsu
SRR5601982,Jiangsu
SRR5602300,Jiangsu
SRR5610015,Jiangsu
SRR5602061,Jiangsu
SRR5601986,Jiangsu
SRR5602303,Jiangsu
SRR5602029,Jiangsu
SRR5802183,Jiangsu
SRR5601985,Jiangsu
SRR5602062,Jiangsu
SRR5601983,Jiangsu
SRR5602271,Jiangsu
SRR5602060,Jiangsu
SRR5602027,Jiangsu
SRR5602021,Jiangsu
SRR5601984,Jiangsu
SRR5609970,Jiangsu
SRR5602225,Jiangsu
SRR5602036,Jiangsu
SRR5602031,Jiangsu
SRR5602038,Jiangsu
SRR5602032,Jiangsu
SRR5602270,Jiangsu
SRR5602054,Jiangsu
SRR5601965,Jiangsu
SRR5601967,Jiangsu
SRR5601959,Jiangsu
SRR5601924,Jiangsu
SRR5602058,Jiangsu
SRR5602272,Jiangsu
SRR5602307,Jiangsu
SRR5602024,Jiangsu
SRR5601988,Jiangsu
SRR5602302,Jiangsu
SRR5602066,Jiangsu
SRR5602275,Jiangsu
SRR5602057,Jiangsu
SRR5609972,Jiangsu
SRR5602030,Jiangsu
SRR5602022,Jiangsu
SRR5602023,Jiangsu
SRR5602018,Jiangsu
SRR5610010,Jiangsu
SRR5610008,Jiangsu
SRR5602304,Jiangsu
SRR5601968,Jiangsu
SRR5602257,Jiangsu
SRR5602274,Jiangsu
SRR5602035,Jiangsu
SRR5610085,Jiangsu
SRR5602063,Jiangsu
SRR5610014,Jiangsu
SRR5602267,Jiangsu
SRR5602266,Jiangsu
SRR5602026,Jiangsu
SRR5602020,Jiangsu
SRR5601992,Jiangsu
SRR5602305,Jiangsu
SRR5602262,Jiangsu
SRR5602204,Jiangsu
SRR5580413,Jiangsu
SRR5580649,Jiangsu
SRR5602227,Jiangsu
SRR5602277,Jiangsu
SRR5602308,Jiangsu
SRR5602019,Jiangsu
SRR5602200,Jiangsu
SRR5610170,Jiangsu
SRR5602103,Jiangsu
SRR5610172,Jiangsu
SRR5610061,Jiangsu
SRR5610060,Jiangsu
SRR5610164,Jiangsu
SRR5602045,Jiangsu
SRR5602000,Jiangsu
SRR5602048,Jiangsu
SRR5610027,Jiangsu
SRR5602067,Jiangsu
SRR5602046,Jiangsu
SRR5610057,Jiangsu
SRR5609980,Jiangsu
SRR5609978,Jiangsu
SRR5609961,Jiangsu
SRR5602033,Jiangsu
SRR5802314,Jiangsu
SRR5610020,Jiangsu
SRR5610025,Jiangsu
SRR5602050,Jiangsu
SRR5609960,Jiangsu
SRR5601955,Jiangsu
SRR5609946,Jiangsu
SRR5602040,Jiangsu
SRR5601997,Jiangsu
SRR5602006,Jiangsu
SRR5602091,Jiangsu
SRR5610161,Jiangsu
SRR5610160,Jiangsu
SRR5610154,Jiangsu
SRR5610153,Jiangsu
SRR5610144,Jiangsu
SRR5610171,Jiangsu
SRR5610099,Jiangsu
SRR5609983,Jiangsu
SRR5602051,Jiangsu
SRR5602028,Jiangsu
SRR5610173,Jiangsu
SRR5610023,Jiangsu
SRR5602004,Jiangsu
SRR5610155,Jiangsu
SRR5601958,Jiangsu
SRR5602043,Jiangsu
SRR5802307,Jiangsu
SRR5602042,Jiangsu
SRR5609981,Jiangsu
SRR5602007,Jiangsu
SRR5610109,Jiangsu
SRR5802313,Jiangsu
SRR5610018,Jiangsu
SRR5609959,Jiangsu
SRR5609964,Jiangsu
SRR5609965,Jiangsu
SRR5609952,Jiangsu
SRR5602052,Jiangsu
SRR5610152,Jiangsu
SRR5609949,Jiangsu
SRR5610019,Jiangsu
SRR5609986,Jiangsu
SRR5610167,Jiangsu
SRR5602044,Jiangsu
SRR5610055,Jiangsu
SRR5610056,Jiangsu
SRR5610022,Jiangsu
SRR5602049,Jiangsu
SRR5609979,Jiangsu
SRR5609962,Jiangsu
SRR5609963,Jiangsu
SRR5609966,Jiangsu
SRR5602053,Jiangsu
SRR5610021,Jiangsu
SRR5609977,Jiangsu
SRR5602047,Jiangsu
SRR5601998,Jiangsu
SRR5609945,Jiangsu
SRR5602002,Jiangsu
SRR5610166,Jiangsu
SRR5601957,Jiangsu
SRR5610100,Jiangsu
SRR5609948,Jiangsu
SRR5610052,Jiangsu
SRR5609951,Jiangsu
SRR5610169,Jiangsu
SRR5601954,Jiangsu
SRR5580651,Jiangsu
SRR5601963,Jiangsu
SRR5601948,Jiangsu
SRR5580432,Jiangsu
SRR5602236,Jiangsu
SRR5601943,Jiangsu
SRR5580430,Jiangsu
SRR5602239,Jiangsu
SRR5602243,Jiangsu
SRR5602268,Jiangsu
SRR5602269,Jiangsu
SRR5602238,Jiangsu
SRR5602240,Jiangsu
SRR5601915,Jiangsu
SRR5580427,Jiangsu
SRR5580471,Jiangsu
SRR5602084,Jiangsu
SRR5602089,Jiangsu
SRR5602090,Jiangsu
SRR5602073,Jiangsu
SRR5580543,Jiangsu
SRR5580650,Jiangsu
SRR5601962,Jiangsu
SRR5601969,Jiangsu
SRR5601944,Jiangsu
SRR5802193,Jiangsu
SRR5802404,Jiangsu
SRR5580652,Jiangsu
SRR5601945,Jiangsu
SRR5580646,Jiangsu
SRR5601947,Jiangsu
SRR5601950,Jiangsu
SRR5580616,Jiangsu
SRR5802216,Jiangsu
SRR5580619,Jiangsu
SRR5580431,Jiangsu
SRR5580429,Jiangsu
SRR5580436,Jiangsu
SRR5601949,Jiangsu
SRR5580435,Jiangsu
SRR5601952,Jiangsu
SRR5802217,Jiangsu
SRR5602237,Jiangsu
SRR5802214,Jiangsu
SRR5602242,Jiangsu
SRR5602206,Jiangsu
SRR5802215,Jiangsu
SRR5610163,Jiangsu
SRR5610162,Jiangsu
SRR5802220,Jiangsu
SRR5802221,Jiangsu
SRR5802218,Jiangsu
SRR5601909,Jiangsu
SRR5601910,Jiangsu
SRR5580433,Jiangsu
SRR5580428,Jiangsu
SRR5601916,Jiangsu
SRR5601913,Jiangsu
SRR5580468,Jiangsu
SRR5802219,Jiangsu
SRR5580465,Jiangsu
SRR5580462,Jiangsu
SRR5602109,Jiangsu
SRR5580470,Jiangsu
SRR5602108,Jiangsu
SRR5602106,Jiangsu
SRR5602105,Jiangsu
SRR5602112,Jiangsu
SRR5602086,Jiangsu
SRR5602087,Jiangsu
SRR5580502,Jiangsu
SRR5602088,Jiangsu
SRR5580440,Jiangsu
SRR5602081,Jiangsu
SRR5602082,Jiangsu
SRR5580438,Jiangsu
SRR5580501,Jiangsu
SRR5602072,Jiangsu
SRR5602074,Jiangsu
SRR5802397,Jiangsu
SRR5602068,Jiangsu
SRR5580500,Jiangsu
SRR5602070,Jiangsu
SRR5580525,Jiangsu
SRR5580536,Jiangsu
SRR5802396,Jiangsu
SRR5580538,Jiangsu
SRR5580540,Jiangsu
SRR5580541,Jiangsu
SRR5580542,Jiangsu
SRR5602078,Jiangsu
SRR5580544,Jiangsu
SRR5601964,Jiangsu
SRR5601970,Jiangsu
SRR5601946,Jiangsu
SRR5580645,Jiangsu
SRR5580647,Jiangsu
SRR5580648,Jiangsu
SRR5602235,Jiangsu
SRR5602241,Jiangsu
SRR5602244,Jiangsu
SRR5602344,Jiangsu
SRR5610009,Jiangsu
SRR5580434,Jiangsu
SRR5580467,Jiangsu
SRR5580466,Jiangsu
SRR5580463,Jiangsu
SRR5580464,Jiangsu
SRR5601917,Jiangsu
SRR5601918,Jiangsu
SRR5602111,Jiangsu
SRR5802223,Jiangsu
SRR5580461,Jiangsu
SRR5802224,Jiangsu
SRR5580503,Jiangsu
SRR5602104,Jiangsu
SRR5602113,Jiangsu
SRR5602083,Jiangsu
SRR5602085,Jiangsu
SRR5802395,Jiangsu
SRR5802394,Jiangsu
SRR5580499,Jiangsu
SRR5580498,Jiangsu
SRR5602075,Jiangsu
SRR5602069,Jiangsu
SRR5580539,Jiangsu
SRR5602071,Jiangsu
SRR5580537,Jiangsu
SRR5580583,Jiangsu
SRR5610146,Jiangsu
SRR5610147,Jiangsu
SRR5802331,Jiangsu
SRR5802333,Jiangsu
SRR5610113,Jiangsu
SRR5610115,Jiangsu
SRR5610120,Jiangsu
SRR5610119,Jiangsu
SRR5610088,Jiangsu
SRR5610089,Jiangsu
SRR5610090,Jiangsu
SRR5610095,Jiangsu
SRR5610068,Jiangsu
SRR5802337,Jiangsu
SRR5610070,Jiangsu
SRR5610069,Jiangsu
SRR5802240,Jiangsu
SRR5802239,Jiangsu
SRR5802237,Jiangsu
SRR5610072,Jiangsu
SRR5802196,Jiangsu
SRR5610063,Jiangsu
SRR5610062,Jiangsu
SRR5610033,Jiangsu
SRR5610038,Jiangsu
SRR5610036,Jiangsu
SRR5609993,Jiangsu
SRR5609990,Jiangsu
SRR5609996,Jiangsu
SRR5609988,Jiangsu
SRR5610073,Jiangsu
SRR5610102,Jiangsu
SRR5610143,Jiangsu
SRR5610122,Jiangsu
SRR5610028,Jiangsu
SRR5610125,Jiangsu
SRR5610129,Jiangsu
SRR5802197,Jiangsu
SRR5802295,Jiangsu
SRR5610149,Jiangsu
SRR5802309,Jiangsu
SRR5802310,Jiangsu
SRR5802316,Jiangsu
SRR5802330,Jiangsu
SRR5802329,Jiangsu
SRR5802336,Jiangsu
SRR5610114,Jiangsu
SRR5802334,Jiangsu
SRR5610112,Jiangsu
SRR5610111,Jiangsu
SRR5610118,Jiangsu
SRR5610117,Jiangsu
SRR5610116,Jiangsu
SRR5610091,Jiangsu
SRR5610092,Jiangsu
SRR5610094,Jiangsu
SRR5610087,Jiangsu
SRR5802338,Jiangsu
SRR5610096,Jiangsu
SRR5610066,Jiangsu
SRR5610065,Jiangsu
SRR5610067,Jiangsu
SRR5802192,Jiangsu
SRR5802191,Jiangsu
SRR5802241,Jiangsu
SRR5802238,Jiangsu
SRR5802236,Jiangsu
SRR5802225,Jiangsu
SRR5802222,Jiangsu
SRR5610071,Jiangsu
SRR5610034,Jiangsu
SRR5610035,Jiangsu
SRR5610032,Jiangsu
SRR5610039,Jiangsu
SRR5610037,Jiangsu
SRR5610030,Jiangsu
SRR5610031,Jiangsu
SRR5609992,Jiangsu
SRR5609991,Jiangsu
SRR5609997,Jiangsu
SRR5609994,Jiangsu
SRR5609995,Jiangsu
SRR5609989,Jiangsu
SRR5609971,Jiangsu
SRR5609967,Jiangsu
SRR5610086,Jiangsu
SRR5609985,Jiangsu
SRR5610029,Jiangsu
SRR5610121,Jiangsu
SRR5610074,Jiangsu
SRR5610123,Jiangsu
SRR5610124,Jiangsu
SRR5610126,Jiangsu
SRR5610127,Jiangsu
SRR5610128,Jiangsu
SRR5802198,Jiangsu
SRR5610130,Jiangsu
SRR5802200,Jiangsu
SRR5802201,Jiangsu
SRR5802203,Jiangsu
SRR5802194,Jiangsu
SRR5802195,Jiangsu
SRR5802296,Jiangsu
SRR5802351,Jiangsu
SRR5802285,Jiangsu
SRR5802284,Jiangsu
SRR5802253,Jiangsu
SRR5802370,Jiangsu
SRR5802326,Jiangsu
SRR5802319,Jiangsu
SRR5802271,Jiangsu
SRR5802270,Jiangsu
SRR5802269,Jiangsu
SRR5802277,Jiangsu
SRR5802304,Jiangsu
SRR5802298,Jiangsu
SRR5802227,Jiangsu
SRR5802229,Jiangsu
SRR5802231,Jiangsu
SRR5802402,Jiangsu
SRR5802374,Jiangsu
SRR5802382,Jiangsu
SRR5802355,Jiangsu
SRR5802354,Jiangsu
SRR5802353,Jiangsu
SRR5802360,Jiangsu
SRR5802359,Jiangsu
SRR5802358,Jiangsu
SRR5802357,Jiangsu
SRR5802350,Jiangsu
SRR5802286,Jiangsu
SRR5802283,Jiangsu
SRR5802281,Jiangsu
SRR5802282,Jiangsu
SRR5802361,Jiangsu
SRR5802252,Jiangsu
SRR5802327,Jiangsu
SRR5802328,Jiangsu
SRR5802258,Jiangsu
SRR5802257,Jiangsu
SRR5802260,Jiangsu
SRR5802259,Jiangsu
SRR5802254,Jiangsu
SRR5802352,Jiangsu
SRR5802349,Jiangsu
SRR5802383,Jiangsu
SRR5802323,Jiangsu
SRR5802324,Jiangsu
SRR5802268,Jiangsu
SRR5802265,Jiangsu
SRR5609958,Jiangsu
SRR5802256,Jiangsu
SRR5802287,Jiangsu
SRR5802290,Jiangsu
SRR5802293,Jiangsu
SRR5802312,Jiangsu
SRR5802276,Jiangsu
SRR5802275,Jiangsu
SRR5802274,Jiangsu
SRR5802273,Jiangsu
SRR5802272,Jiangsu
SRR5802278,Jiangsu
SRR5802303,Jiangsu
SRR5802306,Jiangsu
SRR5802305,Jiangsu
SRR5802300,Jiangsu
SRR5802299,Jiangsu
SRR5802302,Jiangsu
SRR5802301,Jiangsu
SRR5802297,Jiangsu
SRR5802228,Jiangsu
SRR5802230,Jiangsu
SRR5802401,Jiangsu
SRR5802400,Jiangsu
SRR5802403,Jiangsu
SRR5802377,Jiangsu
SRR5802378,Jiangsu
SRR5802379,Jiangsu
SRR5802380,Jiangsu
SRR5802373,Jiangsu
SRR5802375,Jiangsu
SRR5802376,Jiangsu
SRR5802381,Jiangsu
SRR5802390,Jiangsu
SRR5802385,Jiangsu
SRR5802384,Jiangsu
SRR5802392,Jiangsu
SRR5802209,Jiangsu
SRR5802211,Jiangsu
SRR5802212,Jiangsu
SRR5802213,Jiangsu
SRR5802250,Jiangsu
SRR5802249,Jiangsu
SRR5802246,Jiangsu
SRR5802243,Jiangsu
SRR5802242,Jiangsu
SRR5802264,Jiangsu
SRR5802267,Jiangsu
SRR5802266,Jiangsu
SRR5802255,Jiangsu
SRR5610064,Jiangsu
SRR5802288,Jiangsu
SRR5802292,Jiangsu
SRR5802291,Jiangsu
SRR5802280,Jiangsu
SRR5802279,Jiangsu
SRR5610097,Jiangsu
SRR5610104,Jiangsu
SRR5802311,Jiangsu
SRR5610159,Jiangsu
SRR5610158,Jiangsu
SRR5610156,Jiangsu
SRR5610139,Jiangsu
SRR5610040,Jiangsu
SRR5802320,Jiangsu
SRR5609954,Jiangsu
SRR5802322,Jiangsu
SRR5802317,Jiangsu
SRR5802348,Jiangsu
SRR5802346,Jiangsu
SRR5802339,Jiangsu
SRR5802369,Jiangsu
SRR5802388,Jiangsu
SRR5802387,Jiangsu
SRR5802386,Jiangsu
SRR5802393,Jiangsu
SRR5802204,Jiangsu
SRR5802205,Jiangsu
SRR5802206,Jiangsu
SRR5802207,Jiangsu
SRR5802208,Jiangsu
SRR5802210,Jiangsu
SRR5802251,Jiangsu
SRR5802248,Jiangsu
SRR5802247,Jiangsu
SRR5802245,Jiangsu
SRR5802263,Jiangsu
SRR5802261,Jiangsu
SRR5802262,Jiangsu
SRR5609956,Jiangsu
SRR5610101,Jiangsu
SRR5802399,Jiangsu
SRR5610098,Jiangsu
SRR5610157,Jiangsu
SRR5610142,Jiangsu
SRR5610041,Jiangsu
SRR5609953,Jiangsu
SRR5802321,Jiangsu
SRR5802318,Jiangsu
SRR5802343,Jiangsu
SRR5802342,Jiangsu
SRR5802345,Jiangsu
SRR5802340,Jiangsu
SRR5802368,Jiangsu
SRR5802366,Jiangsu
SRR5802365,Jiangsu
SRR5802363,Jiangsu
SRR5802371,Jiangsu
SRR5802372,Jiangsu
SRR5802389,Jiangsu
SRR5802391,Jiangsu
SRR5609957,Jiangsu
SRR5802289,Jiangsu
SRR5610000,Jiangsu
SRR5610001,Jiangsu
SRR5610005,Jiangsu
SRR5610006,Jiangsu
SRR5610133,Jiangsu
SRR5610131,Jiangsu
SRR5610137,Jiangsu
SRR5610138,Jiangsu
SRR5610047,Jiangsu
SRR5610044,Jiangsu
SRR5610043,Jiangsu
SRR5610042,Jiangsu
SRR5610081,Jiangsu
SRR5610078,Jiangsu
SRR5610083,Jiangsu
SRR5609976,Jiangsu
SRR5609975,Jiangsu
SRR5802233,Jiangsu
SRR5802189,Jiangsu
SRR5802186,Jiangsu
SRR5802185,Jiangsu
SRR5610004,Jiangsu
SRR5610140,Jiangsu
SRR5610045,Jiangsu
SRR5610049,Jiangsu
SRR5610079,Jiangsu
SRR5610080,Jiangsu
SRR5610082,Jiangsu
SRR5610076,Jiangsu
SRR5610077,Jiangsu
SRR5610084,Jiangsu
SRR5609973,Jiangsu
SRR5802234,Jiangsu
SRR5802235,Jiangsu
SRR5802190,Jiangsu
SRR5802188,Jiangsu
SRR5802187,Jiangsu
SRR5609999,Jiangsu
SRR5610007,Jiangsu
SRR5610132,Jiangsu
SRR5610075,Jiangsu
SRR5609974,Jiangsu
SRR5802232,Jiangsu
SRR3679961,Sichuan
SRR3679980,Sichuan
SRR3679963,Sichuan
SRR3680001,Sichuan
SRR3679966,Sichuan
SRR3680082,Sichuan
SRR3680090,Sichuan
SRR3679978,Sichuan
SRR3679982,Sichuan
SRR3680069,Sichuan
SRR3680070,Sichuan
SRR3680074,Sichuan
SRR3680081,Sichuan
SRR3679959,Sichuan
SRR3679985,Sichuan
SRR3679996,Sichuan
SRR3680073,Sichuan
SRR3680078,Sichuan
SRR3679962,Sichuan
SRR3679964,Sichuan
SRR3679976,Sichuan
SRR3679981,Sichuan
SRR3679995,Sichuan
SRR3679997,Sichuan
SRR3680072,Sichuan
SRR3680088,Sichuan
SRR3679974,Sichuan
SRR3679977,Sichuan
SRR3679999,Sichuan
SRR3680079,Sichuan
SRR3680085,Sichuan
SRR3680089,Sichuan
SRR3679960,Sichuan
SRR3679967,Sichuan
SRR3679979,Sichuan
SRR3679983,Sichuan
SRR3679986,Sichuan
SRR3679993,Sichuan
SRR3680071,Sichuan
SRR3680087,Sichuan
SRR3679970,Sichuan
SRR3679971,Sichuan
SRR3679972,Sichuan
SRR3679973,Sichuan
SRR3679990,Sichuan
SRR3679991,Sichuan
SRR3679994,Sichuan
SRR3680000,Sichuan
SRR3680002,Sichuan
SRR3680003,Sichuan
SRR3680077,Sichuan
SRR3680080,Sichuan
SRR3680083,Sichuan
SRR3680086,Sichuan
SRR3679965,Sichuan
SRR3679968,Sichuan
SRR3679969,Sichuan
SRR3679975,Sichuan
SRR3679984,Sichuan
SRR3679987,Sichuan
SRR3679988,Sichuan
SRR3679989,Sichuan
SRR3679992,Sichuan
SRR3679998,Sichuan
SRR3680075,Sichuan
SRR3680076,Sichuan
SRR3680084,Sichuan
SRR3680026,Sichuan
SRR3680041,Sichuan
SRR3680042,Sichuan
SRR3680045,Sichuan
SRR3680031,Sichuan
SRR3680039,Sichuan
SRR3680053,Sichuan
SRR3680047,Sichuan
SRR3680050,Sichuan
SRR3680057,Sichuan
SRR3680063,Sichuan
SRR3680028,Sichuan
SRR3680040,Sichuan
SRR3680062,Sichuan
SRR3680046,Sichuan
SRR3680060,Sichuan
SRR3680029,Sichuan
SRR3680038,Sichuan
SRR3680027,Sichuan
SRR3680036,Sichuan
SRR3680034,Sichuan
SRR3680035,Sichuan
SRR3680051,Sichuan
SRR3679929,Sichuan
SRR3680043,Sichuan
SRR3680048,Sichuan
SRR3680049,Sichuan
SRR3680058,Sichuan
SRR3680091,Sichuan
SRR3680017,Sichuan
SRR3680054,Sichuan
SRR3680064,Sichuan
SRR3680013,Sichuan
SRR3680033,Sichuan
SRR3680052,Sichuan
SRR3679940,Sichuan
SRR3679950,Sichuan
SRR3680011,Sichuan
SRR3680044,Sichuan
SRR3680032,Sichuan
SRR3680061,Sichuan
SRR3680068,Sichuan
SRR3679931,Sichuan
SRR3679941,Sichuan
SRR3680030,Sichuan
SRR3680059,Sichuan
SRR3680067,Sichuan
SRR3680056,Sichuan
SRR3680066,Sichuan
SRR3680093,Sichuan
SRR3680024,Sichuan
SRR3680037,Sichuan
SRR3680055,Sichuan
SRR3680065,Sichuan
SRR3680007,Sichuan
SRR3680012,Sichuan
SRR3679930,Sichuan
SRR3679945,Sichuan
SRR3680014,Sichuan
SRR3680022,Sichuan
SRR3679934,Sichuan
SRR3679939,Sichuan
SRR3679946,Sichuan
SRR3679936,Sichuan
SRR3680016,Sichuan
SRR3679927,Sichuan
SRR3679942,Sichuan
SRR3680018,Sichuan
SRR3679956,Sichuan
SRR3679943,Sichuan
SRR3680010,Sichuan
SRR3679947,Sichuan
SRR3679955,Sichuan
SRR3680020,Sichuan
SRR3679935,Sichuan
SRR3679952,Sichuan
SRR3679928,Sichuan
SRR3679944,Sichuan
SRR3679951,Sichuan
SRR3679954,Sichuan
SRR3679926,Sichuan
SRR3679932,Sichuan
SRR3679933,Sichuan
SRR3679937,Sichuan
SRR3679938,Sichuan
SRR3679948,Sichuan
SRR3679949,Sichuan
SRR3679953,Sichuan
SRR3679957,Sichuan
SRR3679958,Sichuan
SRR3680004,Sichuan
SRR3680005,Sichuan
SRR3680006,Sichuan
SRR3680008,Sichuan
SRR3680009,Sichuan
SRR3680015,Sichuan
SRR3680019,Sichuan
SRR3680021,Sichuan
SRR3680023,Sichuan
SRR3680025,Sichuan
SRR3680092,Sichuan
TS111.418684,USA
USygt1.F.418592,USA
USygt46.F.418450,USA
USygt51.F.418349,USA
TS195.418848,USA
USygt51.M.418844,USA
USygt1.M.418373,USA
USygt39.M.418483,USA
USygt4.F.418451,USA
USygt50.F.418499,USA
TS129.418618,USA
USygt45.M.418662,USA
USygt47.F.418643,USA
USygt29.M.418603,USA
USygt37.F.418676,USA
USygt45.F.418753,USA
USygt14.F.418375,USA
USygt37.M.418793,USA
USygt18.M.418867,USA
USygt22.F.418477,USA
USygt22.M.418388,USA
USygt23.F.418490,USA
USygt26.M.418352,USA
USygt30.F.418729,USA
USygt46.M.418453,USA
USygt50.M.418681,USA
USygt14.M.418857,USA
USygt15.M.418634,USA
USygt20.F.418339,USA
USygt23.M.418612,USA
USygt40.F.418369,USA
USygt40.M.418504,USA
USygt54.M.418445,USA
USygt13.F.418411,USA
USygt15.F.418688,USA
USygt43.M.418520,USA
USygt47.M.418401,USA
USygt53.F.418830,USA
USygt13.M.418644,USA
USygt27.F.418639,USA
USygt28.M.418808,USA
USygt30.M.418398,USA
USygt33.M.418638,USA
USygt4.M.418367,USA
USygt52.F.418555,USA
USygt53.M.418452,USA
USygt7.M.418598,USA
USygt10.M.418687,USA
USygt11.M.418479,USA
USygt16.F.418383,USA
USygt27.M.418861,USA
USygt39.F.418756,USA
USygt42.F.418628,USA
USygt54.F.418487,USA
USygt9.F.418438,USA
USygt9.M.418560,USA
USchp33Mom.418698,USA
USygt12.F.418502,USA
USygt38.M.418740,USA
USygt42.M.418663,USA
USygt43.F.418760,USA
USygt5.F.418630,USA
USchp35Mom.418515,USA
USygt25.F.418747,USA
USygt25.M.418835,USA
USygt38.F.418465,USA
USygt41.F.418802,USA
USygt44.F.418709,USA
USygt49.F.418818,USA
USygt49.M.418347,USA
USygt6.M.418593,USA
USygt11.F.418661,USA
USygt12.M.418543,USA
USygt17.M.418444,USA
USygt19.M.418397,USA
USygt20.M.418572,USA
USygt24.M.418730,USA
USygt52.M.418736,USA
USygt16.M.418462,USA
USygt36.M.418734,USA
USygt41.M.418492,USA
USygt44.M.418360,USA
USygt21.F.418579,USA
USygt3.M.418496,USA
USygt31.M.418440,USA
USygt48.F.418551,USA
USygt48.M.418794,USA
USygt5.M.418357,USA
USchp18Mom.418783,USA
USygt34.F.418402,USA
USygt21.M.418797,USA
USygt35.M.418364,USA
USygt8.F.418739,USA
USchp36Mom.418718,USA
USygt34.M.418823,USA
USchp4Infant.418833,USA
USygt32.M.418562,USA
USygt8.M.418616,USA
USchp25Mom.418780,USA
USBldAdlt6.418795,USA
USchp4Mom.418666,USA
USygt2.M.418457,USA
USchp3Mom.418727,USA
USchp41Mom.418801,USA
USchp1Mom.418814,USA
USygt38.T1.418654,USA
USygt38.T2.418456,USA
USygt10.T1.418683,USA
USygt10.T2.418815,USA
USygt15.T1.418779,USA
USygt15.T2.418859,USA
USygt26.T1.418758,USA
USygt26.T2.418693,USA
USygt28.T1.418827,USA
USygt39.T2.418351,USA
USygt47.T1.418692,USA
USygt47.T2.418762,USA
USygt53.T1.418664,USA
USygt53.T2.418455,USA
USygt54.T1.418381,USA
USygt54.T2.418497,USA
USygt6.T2.418728,USA
USygt8.T1.418829,USA
USygt8.T2.418755,USA
USygt1.T1.418417,USA
USygt1.T2.418785,USA
USygt13.T1.418495,USA
USygt13.T2.418745,USA
USygt14.T1.418853,USA
USygt14.T2.418813,USA
USygt17.T1.418600,USA
USygt17.T2.418720,USA
USygt19.T1.418385,USA
USygt19.T2.418432,USA
USygt20.T1.418564,USA
USygt20.T2.418500,USA
USygt23.T1.418854,USA
USygt23.T2.418458,USA
USygt24.T1.418841,USA
USygt24.T2.418363,USA
USygt25.T1.418406,USA
USygt25.T2.418341,USA
USygt29.T1.418673,USA
USygt29.T2.418768,USA
USygt3.T1.418429,USA
USygt3.T2.418807,USA
USygt30.T1.418821,USA
USygt30.T2.418609,USA
USygt31.T1.418408,USA
USygt31.T2.418361,USA
USygt33.T1.418574,USA
USygt33.T2.418787,USA
USygt42.T1.418811,USA
USygt42.T2.418716,USA
USygt43.T1.418816,USA
USygt43.T2.418799,USA
USygt49.T1.418399,USA
USygt49.T2.418670,USA
USygt11.T1.418632,USA
USygt11.T2.418503,USA
USygt12.T1.418615,USA
USygt12.T2.418790,USA
USygt16.T1.418527,USA
USygt16.T2.418435,USA
USygt27.T1.418441,USA
USygt27.T2.418523,USA
USygt36.T1.418651,USA
USygt36.T2.418655,USA
USygt7.T1.418622,USA
USygt7.T2.418392,USA
USygt16.B1.418368,USA
USygt25.B1.418792,USA
USygt37.B1.418521,USA
USygt41.B1.418570,USA
USygt6.AS.418353,USA
USygt9.B1.418824,USA
USchp35Child.418784,USA
USygt19.B1.418817,USA
USygt25.B2.418685,USA
USygt49.B1.418842,USA
USygt32.S1.418608,USA
USchp33ChildB.418578,USA
USygt25.S1.418338,USA
USygt44.B1.418371,USA
USBldChld4.418528,USA
USchp11Child.418850,USA
USchp25Child.418345,USA
USchp3Child.418614,USA
USchp1Child.418697,USA
USchp33ChildA.418742,USA
USBldChld2.418414,USA
USBldChld5.418733,USA
USBldChld7.418488,USA
USchp18Child.418782,USA
USygt21.B1.418713,USA
USygt54.AS.418858,USA
USBldChld8.418589,USA
USBldChld10.418660,USA
USBld1.418516,USA
USchp36Infant.418576,USA
USchp41Infant.418542,USA
USinfTw18.1.418513,USA
USinfTw18.2.418796,USA
USBldInf3.418459,USA
USinfTw10.2.418840,USA
USinfTw17.1.418390,USA
USinfTw10.1.418518,USA
USinfTw1.2.418491,USA
USchp60Mom.418566,USA
USinfTw1.1.418752,USA
USchp60Child.418703,USA
USinfTw19.1.418798,USA
USinfTw19.2.418595,USA
USinfTw9.1.418845,USA
USinfTw9.2.418769,USA
USinfTw7.1.418386,USA
USinfTw7.2.418463,USA
USinfTw8.1.418366,USA
USinfTw8.2.418804,USA
USinfTw21.1.418467,USA
USinfTw21.2.418540,USA
USinfTw5.1.418422,USA
USinfTw5.2.418695,USA
USinfTw6.1.418613,USA
USinfTw6.2.418594,USA
USinfTw3.1.418387,USA
USinfTw3.2.418812,USA
USinfTw4.1.418637,USA
USinfTw4.2.418348,USA
USchp50Infant.418380,USA
USinfTw2.1.418478,USA
USinfTw2.2.418678,USA
USinfTw20.1.418640,USA
USinfTw20.2.418696,USA
